original_url,object_key,backup_key,original_size_mb,optimized_size_mb,original_duration_seconds,final_duration_seconds,crf_used,status,error
https://pub-315b5aea2f0c435798a36c40bb0eb6e5.r2.dev/videos-yumzy/ASIATIC-FOOD/ASIATIC-FOOD-oyster-eating.mp4,videos-yumzy/ASIATIC-FOOD/ASIATIC-FOOD-oyster-eating.mp4,videos-yumzy-backup/ASIATIC-FOOD/ASIATIC-FOOD-oyster-eating.mp4,6.56,4.54,11.30,10.00,23,optimized_and_uploaded,
https://pub-315b5aea2f0c435798a36c40bb0eb6e5.r2.dev/videos-yumzy/ASIATIC-FOOD/ASIATIC-FOOD-ramen-chopsticks.mp4,videos-yumzy/ASIATIC-FOOD/ASIATIC-FOOD-ramen-chopsticks.mp4,videos-yumzy-backup/ASIATIC-FOOD/ASIATIC-FOOD-ramen-chopsticks.mp4,9.36,1.71,7.42,7.42,23,optimized_and_uploaded,
https://pub-315b5aea2f0c435798a36c40bb0eb6e5.r2.dev/videos-yumzy/ASIATIC-FOOD/ASIATIC-FOOD-spring-rolls.mp4,videos-yumzy/ASIATIC-FOOD/ASIATIC-FOOD-spring-rolls.mp4,videos-yumzy-backup/ASIATIC-FOOD/ASIATIC-FOOD-spring-rolls.mp4,7.84,7.84,4.95,4.95,,skipped_already_optimized,
https://pub-315b5aea2f0c435798a36c40bb0eb6e5.r2.dev/videos-yumzy/ASIATIC-FOOD/ASIATIC-FOOD-vitnamese-soup.mp4,videos-yumzy/ASIATIC-FOOD/ASIATIC-FOOD-vitnamese-soup.mp4,videos-yumzy-backup/ASIATIC-FOOD/ASIATIC-FOOD-vitnamese-soup.mp4,9.69,4.73,14.29,10.00,23,optimized_and_uploaded,
https://pub-315b5aea2f0c435798a36c40bb0eb6e5.r2.dev/videos-yumzy/BRAKEFAST-FOOD/BRAKEFAST-FOOD-desert-donut.mp4,videos-yumzy/BRAKEFAST-FOOD/BRAKEFAST-FOOD-desert-donut.mp4,videos-yumzy-backup/BRAKEFAST-FOOD/BRAKEFAST-FOOD-desert-donut.mp4,8.50,3.77,15.25,10.01,23,optimized_and_uploaded,
https://pub-315b5aea2f0c435798a36c40bb0eb6e5.r2.dev/videos-yumzy/BRAKEFAST-FOOD/BRAKEFAST-FOOD-ommlete-fork.mp4,videos-yumzy/BRAKEFAST-FOOD/BRAKEFAST-FOOD-ommlete-fork.mp4,videos-yumzy-backup/BRAKEFAST-FOOD/BRAKEFAST-FOOD-ommlete-fork.mp4,13.00,2.05,8.76,8.76,23,optimized_and_uploaded,
https://pub-315b5aea2f0c435798a36c40bb0eb6e5.r2.dev/videos-yumzy/BURGER-FOOD/BURGER-FOOD-burger-in-flames.mp4,videos-yumzy/BURGER-FOOD/BURGER-FOOD-burger-in-flames.mp4,videos-yumzy-backup/BURGER-FOOD/BURGER-FOOD-burger-in-flames.mp4,3.88,3.88,6.27,6.27,,skipped_already_optimized,
https://pub-315b5aea2f0c435798a36c40bb0eb6e5.r2.dev/videos-yumzy/BURGER-FOOD/BURGER-FOOD-red-burger.mp4,videos-yumzy/BURGER-FOOD/BURGER-FOOD-red-burger.mp4,videos-yumzy-backup/BURGER-FOOD/BURGER-FOOD-red-burger.mp4,2.96,2.96,6.97,6.97,,skipped_already_optimized,
https://pub-315b5aea2f0c435798a36c40bb0eb6e5.r2.dev/videos-yumzy/BURGER-FOOD/BURGER-FOOD-sauce-pouring-over-burger.mp4,videos-yumzy/BURGER-FOOD/BURGER-FOOD-sauce-pouring-over-burger.mp4,videos-yumzy-backup/BURGER-FOOD/BURGER-FOOD-sauce-pouring-over-burger.mp4,5.85,2.10,14.36,10.00,23,optimized_and_uploaded,
https://pub-315b5aea2f0c435798a36c40bb0eb6e5.r2.dev/videos-yumzy/GRILLED-FOOD/GRILLED-FOOD-frigarui-orez.mp4,videos-yumzy/GRILLED-FOOD/GRILLED-FOOD-frigarui-orez.mp4,videos-yumzy-backup/GRILLED-FOOD/GRILLED-FOOD-frigarui-orez.mp4,3.82,3.82,7.07,7.07,,skipped_already_optimized,
https://pub-315b5aea2f0c435798a36c40bb0eb6e5.r2.dev/videos-yumzy/GRILLED-FOOD/GRILLED-FOOD-grilled-buns.mp4,videos-yumzy/GRILLED-FOOD/GRILLED-FOOD-grilled-buns.mp4,videos-yumzy-backup/GRILLED-FOOD/GRILLED-FOOD-grilled-buns.mp4,2.68,2.68,7.84,7.84,,skipped_already_optimized,
https://pub-315b5aea2f0c435798a36c40bb0eb6e5.r2.dev/videos-yumzy/GRILLED-FOOD/GRILLED-FOOD-sea-food-fish-dish.mp4,videos-yumzy/GRILLED-FOOD/GRILLED-FOOD-sea-food-fish-dish.mp4,videos-yumzy-backup/GRILLED-FOOD/GRILLED-FOOD-sea-food-fish-dish.mp4,1.82,1.82,8.36,8.36,,skipped_already_optimized,
https://pub-315b5aea2f0c435798a36c40bb0eb6e5.r2.dev/videos-yumzy/KEBAB-FOOD/KEBAB-FOOD-eating-girl.mp4,videos-yumzy/KEBAB-FOOD/KEBAB-FOOD-eating-girl.mp4,videos-yumzy-backup/KEBAB-FOOD/KEBAB-FOOD-eating-girl.mp4,6.76,2.17,14.03,10.00,23,optimized_and_uploaded,
https://pub-315b5aea2f0c435798a36c40bb0eb6e5.r2.dev/videos-yumzy/KEBAB-FOOD/KEBAB-FOODfancy-kebab.mp4,videos-yumzy/KEBAB-FOOD/KEBAB-FOODfancy-kebab.mp4,videos-yumzy-backup/KEBAB-FOOD/KEBAB-FOODfancy-kebab.mp4,1.09,1.09,1.83,1.83,,skipped_already_optimized,
https://pub-315b5aea2f0c435798a36c40bb0eb6e5.r2.dev/videos-yumzy/ORIENTAL-FOOD/ORIENTAL-FOOD-hummus.mp4,videos-yumzy/ORIENTAL-FOOD/ORIENTAL-FOOD-hummus.mp4,videos-yumzy-backup/ORIENTAL-FOOD/ORIENTAL-FOOD-hummus.mp4,4.69,2.47,17.28,10.00,23,optimized_and_uploaded,
https://pub-315b5aea2f0c435798a36c40bb0eb6e5.r2.dev/videos-yumzy/ORIENTAL-FOOD/ORIENTAL-FOOD-lebanese-humus.mp4,videos-yumzy/ORIENTAL-FOOD/ORIENTAL-FOOD-lebanese-humus.mp4,videos-yumzy-backup/ORIENTAL-FOOD/ORIENTAL-FOOD-lebanese-humus.mp4,8.78,3.19,15.02,10.01,23,optimized_and_uploaded,
https://pub-315b5aea2f0c435798a36c40bb0eb6e5.r2.dev/videos-yumzy/PASTA-FOOD/PASTA-FOOD-Creammy-tagliatele.mp4,videos-yumzy/PASTA-FOOD/PASTA-FOOD-Creammy-tagliatele.mp4,videos-yumzy-backup/PASTA-FOOD/PASTA-FOOD-Creammy-tagliatele.mp4,25.89,3.55,9.92,9.92,23,optimized_and_uploaded,
https://pub-315b5aea2f0c435798a36c40bb0eb6e5.r2.dev/videos-yumzy/PASTA-FOOD/PASTA-FOOD-pasta-clams.mp4,videos-yumzy/PASTA-FOOD/PASTA-FOOD-pasta-clams.mp4,videos-yumzy-backup/PASTA-FOOD/PASTA-FOOD-pasta-clams.mp4,5.09,5.09,6.40,6.40,,skipped_already_optimized,
https://pub-315b5aea2f0c435798a36c40bb0eb6e5.r2.dev/videos-yumzy/PIZZA-FOOD/PIZZA-FOOD-cheese-chicken.mp4,videos-yumzy/PIZZA-FOOD/PIZZA-FOOD-cheese-chicken.mp4,videos-yumzy-backup/PIZZA-FOOD/PIZZA-FOOD-cheese-chicken.mp4,16.22,3.34,8.61,8.61,23,optimized_and_uploaded,
https://pub-315b5aea2f0c435798a36c40bb0eb6e5.r2.dev/videos-yumzy/PIZZA-FOOD/PIZZA-FOOD-kettle.mp4,videos-yumzy/PIZZA-FOOD/PIZZA-FOOD-kettle.mp4,videos-yumzy-backup/PIZZA-FOOD/PIZZA-FOOD-kettle.mp4,26.01,2.16,9.51,9.51,23,optimized_and_uploaded,
https://pub-315b5aea2f0c435798a36c40bb0eb6e5.r2.dev/videos-yumzy/PIZZA-FOOD/PIZZA-FOOD-pizza-sharing.mp4,videos-yumzy/PIZZA-FOOD/PIZZA-FOOD-pizza-sharing.mp4,videos-yumzy-backup/PIZZA-FOOD/PIZZA-FOOD-pizza-sharing.mp4,22.45,2.85,6.57,6.57,23,optimized_and_uploaded,
https://pub-315b5aea2f0c435798a36c40bb0eb6e5.r2.dev/videos-yumzy/SEA-FOOD/SEA-FOOD-fish-plate.mp4,videos-yumzy/SEA-FOOD/SEA-FOOD-fish-plate.mp4,videos-yumzy-backup/SEA-FOOD/SEA-FOOD-fish-plate.mp4,28.31,5.21,10.04,10.01,23,optimized_and_uploaded,
https://pub-315b5aea2f0c435798a36c40bb0eb6e5.r2.dev/videos-yumzy/SEA-FOOD/sea-food-mixing.mp4,videos-yumzy/SEA-FOOD/sea-food-mixing.mp4,videos-yumzy-backup/SEA-FOOD/sea-food-mixing.mp4,10.97,3.74,23.00,10.00,23,optimized_and_uploaded,
https://pub-315b5aea2f0c435798a36c40bb0eb6e5.r2.dev/videos-yumzy/STIRFRY-FOOD/STIRFRY-FOOD-asian-grill-chiken.mp4,videos-yumzy/STIRFRY-FOOD/STIRFRY-FOOD-asian-grill-chiken.mp4,videos-yumzy-backup/STIRFRY-FOOD/STIRFRY-FOOD-asian-grill-chiken.mp4,6.05,3.73,10.28,10.00,23,optimized_and_uploaded,
https://pub-315b5aea2f0c435798a36c40bb0eb6e5.r2.dev/videos-yumzy/STIRFRY-FOOD/STIRFRY-FOOD-shrimp-pasta.mp4,videos-yumzy/STIRFRY-FOOD/STIRFRY-FOOD-shrimp-pasta.mp4,videos-yumzy-backup/STIRFRY-FOOD/STIRFRY-FOOD-shrimp-pasta.mp4,4.55,4.55,8.32,8.32,,skipped_already_optimized,
https://pub-315b5aea2f0c435798a36c40bb0eb6e5.r2.dev/videos-yumzy/STIRFRY-FOOD/STIRFRY-FOOD-tacos-tasty.mp4,videos-yumzy/STIRFRY-FOOD/STIRFRY-FOOD-tacos-tasty.mp4,videos-yumzy-backup/STIRFRY-FOOD/STIRFRY-FOOD-tacos-tasty.mp4,2.95,2.95,6.70,6.70,,skipped_already_optimized,
https://pub-315b5aea2f0c435798a36c40bb0eb6e5.r2.dev/videos-yumzy/TACOS-FOOD/TACOS-FOOD-on-wooden-table.mp4,videos-yumzy/TACOS-FOOD/TACOS-FOOD-on-wooden-table.mp4,videos-yumzy-backup/TACOS-FOOD/TACOS-FOOD-on-wooden-table.mp4,10.16,3.42,20.02,10.01,23,optimized_and_uploaded,
https://pub-315b5aea2f0c435798a36c40bb0eb6e5.r2.dev/videos-yumzy/TACOS-FOOD/TACOS-FOOD-tacos-mania.mp4,videos-yumzy/TACOS-FOOD/TACOS-FOOD-tacos-mania.mp4,videos-yumzy-backup/TACOS-FOOD/TACOS-FOOD-tacos-mania.mp4,2.53,2.53,5.57,5.57,,skipped_already_optimized,
https://pub-315b5aea2f0c435798a36c40bb0eb6e5.r2.dev/videos-yumzy/SUSHI-FOOD/SUSHI-FOOD-flamed-sushi.mp4,videos-yumzy/SUSHI-FOOD/SUSHI-FOOD-flamed-sushi.mp4,videos-yumzy-backup/SUSHI-FOOD/SUSHI-FOOD-flamed-sushi.mp4,11.88,6.27,17.36,10.00,23,optimized_and_uploaded,
https://pub-315b5aea2f0c435798a36c40bb0eb6e5.r2.dev/videos-yumzy/SUSHI-FOOD/SUSHI-FOOD-sesames.mp4,videos-yumzy/SUSHI-FOOD/SUSHI-FOOD-sesames.mp4,videos-yumzy-backup/SUSHI-FOOD/SUSHI-FOOD-sesames.mp4,5.12,5.12,7.64,7.64,,skipped_already_optimized,
